"Twilight","Rise","Deleted","Marker","Inserted","Twilight3","Marker3"
2011-06-25 13:56:22,FALSE,TRUE,0,FALSE,2011-06-25 13:56:22,0
2011-06-25 21:11:12,TRUE,FALSE,0,FALSE,2011-06-25 21:11:12,0
2011-06-26 13:52:30,FALSE,FALSE,0,FALSE,2011-06-26 13:52:30,0
2011-06-26 21:15:16,TRUE,FALSE,0,FALSE,2011-06-26 21:15:16,0
2011-06-27 13:55:48,FALSE,FALSE,0,FALSE,2011-06-27 13:55:48,0
2011-06-27 21:13:11,TRUE,FALSE,0,FALSE,2011-06-27 21:13:11,0
2011-06-28 13:55:04,FALSE,FALSE,0,FALSE,2011-06-28 13:55:04,0
2011-06-28 21:14:51,TRUE,FALSE,0,FALSE,2011-06-28 21:14:51,0
2011-06-29 13:50:02,FALSE,FALSE,0,FALSE,2011-06-29 13:50:02,0
2011-06-29 21:17:32,TRUE,FALSE,0,FALSE,2011-06-29 21:17:32,0
2011-06-30 13:55:04,FALSE,FALSE,0,FALSE,2011-06-30 13:55:04,0
2011-06-30 21:22:09,TRUE,FALSE,0,FALSE,2011-06-30 21:22:09,0
2011-07-01 13:45:04,FALSE,FALSE,0,FALSE,2011-07-01 13:45:04,0
2011-07-01 21:13:11,TRUE,FALSE,0,FALSE,2011-07-01 21:13:11,0
2011-07-02 13:47:59,FALSE,FALSE,0,FALSE,2011-07-02 13:47:59,0
2011-07-02 21:45:04,TRUE,TRUE,0,FALSE,2011-07-02 21:45:04,0
2011-07-03 13:45:18,FALSE,FALSE,0,FALSE,2011-07-03 13:45:18,0
2011-07-03 21:21:00,TRUE,FALSE,0,FALSE,2011-07-03 21:21:00,0
2011-07-04 13:55:04,FALSE,FALSE,0,FALSE,2011-07-04 13:55:04,0
2011-07-04 21:32:37,TRUE,FALSE,0,FALSE,2011-07-04 21:32:37,0
2011-07-05 13:43:29,FALSE,FALSE,0,FALSE,2011-07-05 13:43:29,0
2011-07-05 21:27:11,TRUE,FALSE,0,FALSE,2011-07-05 21:27:11,0
2011-07-06 13:49:28,FALSE,FALSE,0,FALSE,2011-07-06 13:49:28,0
2011-07-06 21:29:38,TRUE,FALSE,0,FALSE,2011-07-06 21:29:38,0
2011-07-07 13:46:50,FALSE,FALSE,0,FALSE,2011-07-07 13:46:50,0
2011-07-07 21:27:30,TRUE,FALSE,0,FALSE,2011-07-07 21:27:30,0
2011-07-08 13:46:17,FALSE,FALSE,0,FALSE,2011-07-08 13:46:17,0
2011-07-08 21:30:21,TRUE,FALSE,0,FALSE,2011-07-08 21:30:21,0
2011-07-09 13:52:02,FALSE,FALSE,0,FALSE,2011-07-09 13:52:02,0
2011-07-09 21:26:13,TRUE,FALSE,0,FALSE,2011-07-09 21:26:13,0
2011-07-10 13:49:28,FALSE,FALSE,0,FALSE,2011-07-10 13:49:28,0
2011-07-10 21:28:32,TRUE,FALSE,0,FALSE,2011-07-10 21:28:32,0
2011-07-11 13:48:00,FALSE,FALSE,0,FALSE,2011-07-11 13:48:00,0
2011-07-11 21:20:36,TRUE,FALSE,0,FALSE,2011-07-11 21:20:36,0
2011-07-12 13:48:25,FALSE,FALSE,0,FALSE,2011-07-12 13:48:25,0
2011-07-12 21:24:55,TRUE,FALSE,0,FALSE,2011-07-12 21:24:55,0
2011-07-13 13:47:51,FALSE,FALSE,0,FALSE,2011-07-13 13:47:51,0
2011-07-13 21:27:25,TRUE,FALSE,0,FALSE,2011-07-13 21:27:25,0
2011-07-14 13:44:07,FALSE,FALSE,0,FALSE,2011-07-14 13:44:07,0
2011-07-14 21:26:13,TRUE,FALSE,0,FALSE,2011-07-14 21:26:13,0
2011-07-15 13:48:21,FALSE,FALSE,0,FALSE,2011-07-15 13:48:21,0
2011-07-15 22:00:38,TRUE,TRUE,0,FALSE,2011-07-15 22:00:38,0
2011-07-16 13:40:02,FALSE,FALSE,0,FALSE,2011-07-16 13:40:02,0
2011-07-16 21:34:56,TRUE,FALSE,0,FALSE,2011-07-16 21:34:56,0
2011-07-17 13:29:28,FALSE,FALSE,0,FALSE,2011-07-17 13:29:28,0
2011-07-17 22:05:57,TRUE,TRUE,0,FALSE,2011-07-17 22:05:57,0
2011-07-18 13:39:17,FALSE,FALSE,0,FALSE,2011-07-18 13:39:17,0
2011-07-18 21:35:00,TRUE,FALSE,0,FALSE,2011-07-18 21:35:00,0
2011-07-19 13:35:38,FALSE,FALSE,0,FALSE,2011-07-19 13:35:38,0
2011-07-19 21:38:18,TRUE,FALSE,0,FALSE,2011-07-19 21:38:18,0
2011-07-20 13:40:41,FALSE,FALSE,0,FALSE,2011-07-20 13:40:41,0
2011-07-20 21:31:11,TRUE,FALSE,0,FALSE,2011-07-20 21:31:11,0
2011-07-21 13:35:48,FALSE,FALSE,0,FALSE,2011-07-21 13:35:48,0
2011-07-21 21:37:08,TRUE,FALSE,0,FALSE,2011-07-21 21:37:08,0
2011-07-22 13:38:53,FALSE,FALSE,0,FALSE,2011-07-22 13:38:53,0
2011-07-22 21:41:00,TRUE,FALSE,0,FALSE,2011-07-22 21:41:00,0
2011-07-23 13:40:24,FALSE,FALSE,0,FALSE,2011-07-23 13:40:24,0
2011-07-23 21:43:11,TRUE,FALSE,0,FALSE,2011-07-23 21:43:11,0
2011-07-24 13:27:48,FALSE,FALSE,0,FALSE,2011-07-24 13:27:48,0
2011-07-24 21:41:11,TRUE,FALSE,0,FALSE,2011-07-24 21:41:11,0
2011-07-25 13:07:33,FALSE,FALSE,0,FALSE,2011-07-25 13:07:33,0
2011-07-25 21:55:09,TRUE,FALSE,0,FALSE,2011-07-25 21:55:09,0
2011-07-26 13:27:48,FALSE,FALSE,0,FALSE,2011-07-26 13:27:48,0
2011-07-26 22:17:09,TRUE,FALSE,0,FALSE,2011-07-26 22:17:09,0
2011-07-27 13:30:47,FALSE,FALSE,0,FALSE,2011-07-27 13:30:47,0
2011-07-27 22:08:44,TRUE,FALSE,0,FALSE,2011-07-27 22:08:44,0
2011-07-28 13:25:38,FALSE,FALSE,0,FALSE,2011-07-28 13:25:38,0
2011-07-28 21:59:23,TRUE,FALSE,0,FALSE,2011-07-28 21:59:23,0
2011-07-29 13:15:38,FALSE,FALSE,0,FALSE,2011-07-29 13:15:38,0
2011-07-29 22:05:30,TRUE,FALSE,0,FALSE,2011-07-29 22:05:30,0
2011-07-30 13:17:51,FALSE,FALSE,0,FALSE,2011-07-30 13:17:51,0
2011-07-30 22:10:18,TRUE,FALSE,0,FALSE,2011-07-30 22:10:18,0
2011-07-31 13:10:25,FALSE,FALSE,0,FALSE,2011-07-31 13:10:25,0
2011-07-31 22:05:30,TRUE,FALSE,0,FALSE,2011-07-31 22:05:30,0
2011-08-01 13:08:51,FALSE,FALSE,0,FALSE,2011-08-01 13:08:51,0
2011-08-01 22:30:26,TRUE,FALSE,0,FALSE,2011-08-01 22:30:26,0
2011-08-02 12:51:18,FALSE,FALSE,0,FALSE,2011-08-02 12:51:18,0
2011-08-02 22:25:04,TRUE,FALSE,0,FALSE,2011-08-02 22:25:04,0
2011-08-03 13:01:03,FALSE,FALSE,0,FALSE,2011-08-03 13:01:03,0
2011-08-03 22:26:09,TRUE,FALSE,0,FALSE,2011-08-03 22:26:09,0
2011-08-04 12:56:55,FALSE,FALSE,0,FALSE,2011-08-04 12:56:55,0
2011-08-04 23:17:46,TRUE,TRUE,0,FALSE,2011-08-04 23:17:46,0
2011-08-05 13:13:04,FALSE,FALSE,0,FALSE,2011-08-05 13:13:04,0
2011-08-05 22:20:21,TRUE,FALSE,0,FALSE,2011-08-05 22:20:21,0
2011-08-06 13:08:51,FALSE,FALSE,0,FALSE,2011-08-06 13:08:51,0
2011-08-06 22:13:55,TRUE,FALSE,0,FALSE,2011-08-06 22:13:55,0
2011-08-07 13:05:38,FALSE,FALSE,0,FALSE,2011-08-07 13:05:38,0
2011-08-07 22:02:04,TRUE,FALSE,0,FALSE,2011-08-07 22:02:04,0
2011-08-08 13:05:38,FALSE,FALSE,0,FALSE,2011-08-08 13:05:38,0
2011-08-08 22:13:21,TRUE,FALSE,0,FALSE,2011-08-08 22:13:21,0
2011-08-09 12:37:51,FALSE,FALSE,0,FALSE,2011-08-09 12:37:51,0
2011-08-09 22:48:57,TRUE,FALSE,0,FALSE,2011-08-09 22:48:57,0
2011-08-10 12:46:47,FALSE,FALSE,0,FALSE,2011-08-10 12:13:43,0
2011-08-10 22:22:04,TRUE,FALSE,0,FALSE,2011-08-10 22:22:04,0
2011-08-11 12:50:26,FALSE,FALSE,0,FALSE,2011-08-11 12:50:26,0
2011-08-11 23:01:00,TRUE,FALSE,0,FALSE,2011-08-11 23:01:00,0
2011-08-12 12:44:11,FALSE,FALSE,0,FALSE,2011-08-12 12:44:11,0
2011-08-12 22:41:11,TRUE,FALSE,0,FALSE,2011-08-12 22:41:11,0
2011-08-13 13:07:59,FALSE,FALSE,0,FALSE,2011-08-13 13:07:59,0
2011-08-13 22:33:41,TRUE,FALSE,0,FALSE,2011-08-13 22:33:41,0
2011-08-14 12:50:24,FALSE,FALSE,0,FALSE,2011-08-14 12:50:24,0
2011-08-14 22:33:55,TRUE,FALSE,0,FALSE,2011-08-14 22:33:55,0
2011-08-15 12:33:37,FALSE,FALSE,0,FALSE,2011-08-15 12:33:37,0
2011-08-15 22:43:21,TRUE,FALSE,0,FALSE,2011-08-15 22:43:21,0
2011-08-16 12:41:18,FALSE,FALSE,0,FALSE,2011-08-16 12:41:18,0
2011-08-16 22:43:55,TRUE,FALSE,0,FALSE,2011-08-16 22:43:55,0
2011-08-17 12:32:32,FALSE,FALSE,0,FALSE,2011-08-17 12:32:32,0
2011-08-17 22:42:48,TRUE,FALSE,0,FALSE,2011-08-17 22:42:48,0
2011-08-18 12:42:59,FALSE,FALSE,0,FALSE,2011-08-18 12:42:59,0
2011-08-18 22:42:42,TRUE,FALSE,0,FALSE,2011-08-18 22:42:42,0
2011-08-19 12:23:47,FALSE,FALSE,0,FALSE,2011-08-19 12:23:47,0
2011-08-19 22:45:47,TRUE,FALSE,0,FALSE,2011-08-19 22:45:47,0
2011-08-20 11:49:32,FALSE,TRUE,0,FALSE,2011-08-20 11:49:32,0
2011-08-20 23:10:34,TRUE,FALSE,0,FALSE,2011-08-20 23:10:34,0
2011-08-21 12:23:18,FALSE,FALSE,0,FALSE,2011-08-21 12:23:18,0
2011-08-21 22:55:09,TRUE,FALSE,0,FALSE,2011-08-21 22:55:09,0
2011-08-22 12:00:25,FALSE,FALSE,0,FALSE,2011-08-22 12:00:25,0
2011-08-22 23:56:00,TRUE,TRUE,0,FALSE,2011-08-22 23:56:00,0
2011-08-23 12:19:36,FALSE,FALSE,0,FALSE,2011-08-23 12:19:36,0
2011-08-23 22:52:50,TRUE,FALSE,0,FALSE,2011-08-23 22:52:50,0
2011-08-24 12:50:25,FALSE,FALSE,0,FALSE,2011-08-24 12:50:25,0
2011-08-24 23:01:53,TRUE,FALSE,0,FALSE,2011-08-24 23:01:53,0
2011-08-25 12:46:55,FALSE,FALSE,0,FALSE,2011-08-25 12:46:55,0
2011-08-25 23:43:21,TRUE,FALSE,0,FALSE,2011-08-25 23:43:21,0
2011-08-26 12:42:13,FALSE,FALSE,0,FALSE,2011-08-26 12:42:13,0
2011-08-26 23:42:42,TRUE,FALSE,0,FALSE,2011-08-26 23:42:42,0
2011-08-27 12:27:48,FALSE,FALSE,0,FALSE,2011-08-27 12:27:48,0
2011-08-27 23:33:21,TRUE,FALSE,0,FALSE,2011-08-27 23:33:21,0
2011-08-28 12:26:55,FALSE,FALSE,0,FALSE,2011-08-28 12:26:55,0
2011-08-28 23:53:36,TRUE,FALSE,0,FALSE,2011-08-28 23:53:36,0
2011-08-29 12:01:03,FALSE,TRUE,0,FALSE,2011-08-29 12:01:03,0
2011-08-29 23:35:30,TRUE,FALSE,0,FALSE,2011-08-29 23:35:30,0
2011-08-30 13:03:30,FALSE,FALSE,0,FALSE,2011-08-30 13:03:30,0
2011-08-30 23:42:42,TRUE,FALSE,0,FALSE,2011-08-30 23:42:42,0
2011-08-31 13:03:19,FALSE,FALSE,0,FALSE,2011-08-31 13:03:19,0
2011-08-31 23:53:41,TRUE,FALSE,0,FALSE,2011-08-31 23:53:41,0
2011-09-01 13:07:33,FALSE,FALSE,0,FALSE,2011-09-01 13:07:33,0
2011-09-01 23:36:00,TRUE,FALSE,0,FALSE,2011-09-01 23:36:00,0
2011-09-02 12:57:00,FALSE,FALSE,0,FALSE,2011-09-02 12:57:00,0
2011-09-03 00:03:41,TRUE,FALSE,0,FALSE,2011-09-03 00:03:41,0
2011-09-03 13:15:18,FALSE,FALSE,0,FALSE,2011-09-03 13:15:18,0
2011-09-03 23:58:07,TRUE,FALSE,0,FALSE,2011-09-03 23:58:07,0
2011-09-04 13:11:27,FALSE,FALSE,0,FALSE,2011-09-04 13:11:27,0
2011-09-05 00:02:09,TRUE,FALSE,0,FALSE,2011-09-05 00:02:09,0
2011-09-05 12:48:25,FALSE,FALSE,0,FALSE,2011-09-05 12:48:25,0
2011-09-06 00:08:18,TRUE,FALSE,0,FALSE,2011-09-06 00:08:18,0
2011-09-06 13:05:18,FALSE,FALSE,0,FALSE,2011-09-06 13:05:18,0
2011-09-06 23:58:34,TRUE,FALSE,0,FALSE,2011-09-06 23:58:34,0
2011-09-07 12:52:42,FALSE,FALSE,0,FALSE,2011-09-07 12:52:42,0
2011-09-08 00:33:11,TRUE,FALSE,0,FALSE,2011-09-08 00:33:11,0
2011-09-08 13:17:00,FALSE,FALSE,0,FALSE,2011-09-08 13:17:00,0
2011-09-09 00:43:11,TRUE,FALSE,0,FALSE,2011-09-09 00:43:11,0
2011-09-09 13:07:00,FALSE,FALSE,0,FALSE,2011-09-09 13:07:00,0
2011-09-10 00:53:36,TRUE,FALSE,0,FALSE,2011-09-10 00:53:36,0
2011-09-10 13:19:18,FALSE,FALSE,0,FALSE,2011-09-10 13:19:18,0
2011-09-11 01:01:04,TRUE,FALSE,0,FALSE,2011-09-11 01:01:04,0
2011-09-11 13:46:17,FALSE,FALSE,0,FALSE,2011-09-11 13:46:17,0
2011-09-12 01:15:53,TRUE,FALSE,0,FALSE,2011-09-12 02:36:13,0
2011-09-12 13:49:36,FALSE,FALSE,0,FALSE,2011-09-12 13:49:36,0
2011-09-13 01:32:09,TRUE,FALSE,0,FALSE,2011-09-13 01:32:09,0
2011-09-13 13:46:17,FALSE,FALSE,0,FALSE,2011-09-13 13:46:17,0
2011-09-14 01:29:40,TRUE,FALSE,0,FALSE,2011-09-14 01:29:40,0
2011-09-14 13:37:51,FALSE,FALSE,0,FALSE,2011-09-14 13:37:51,0
2011-09-15 01:58:03,TRUE,FALSE,0,FALSE,2011-09-15 01:58:03,0
2011-09-15 13:57:33,FALSE,FALSE,0,FALSE,2011-09-15 13:57:33,0
2011-09-16 01:38:35,TRUE,FALSE,0,FALSE,2011-09-16 01:38:35,0
2011-09-16 13:48:53,FALSE,FALSE,0,FALSE,2011-09-16 13:48:53,0
2011-09-17 01:53:11,TRUE,FALSE,0,FALSE,2011-09-17 01:53:11,0
2011-09-17 14:06:55,FALSE,FALSE,0,FALSE,2011-09-17 14:06:55,0
2011-09-18 02:15:12,TRUE,FALSE,0,FALSE,2011-09-18 02:15:12,0
2011-09-18 14:10:15,FALSE,FALSE,0,FALSE,2011-09-18 14:10:15,0
2011-09-19 02:10:23,TRUE,FALSE,0,FALSE,2011-09-19 02:50:08,0
2011-09-19 14:06:17,FALSE,FALSE,0,FALSE,2011-09-19 14:06:17,0
2011-09-20 02:13:11,TRUE,FALSE,0,FALSE,2011-09-20 02:13:11,0
2011-09-20 13:11:27,FALSE,TRUE,0,FALSE,2011-09-20 13:11:27,0
2011-09-21 02:05:41,TRUE,FALSE,0,FALSE,2011-09-21 02:05:41,0
2011-09-21 14:02:53,FALSE,FALSE,0,FALSE,2011-09-21 14:02:53,0
2011-09-22 02:13:55,TRUE,FALSE,0,FALSE,2011-09-22 02:13:55,0
2011-09-22 14:09:17,FALSE,FALSE,0,FALSE,2011-09-22 14:09:17,0
2011-09-23 02:26:06,TRUE,FALSE,0,FALSE,2011-09-23 02:26:06,0
2011-09-23 14:09:58,FALSE,FALSE,0,FALSE,2011-09-23 14:09:58,0
2011-09-24 02:37:51,TRUE,FALSE,0,FALSE,2011-09-24 02:37:51,0
2011-09-24 14:18:25,FALSE,FALSE,0,FALSE,2011-09-24 14:18:25,0
2011-09-25 02:30:10,TRUE,FALSE,0,FALSE,2011-09-25 02:30:10,0
2011-09-25 13:51:40,FALSE,FALSE,0,FALSE,2011-09-25 13:51:40,0
2011-09-26 02:35:16,TRUE,FALSE,0,FALSE,2011-09-26 02:35:16,0
2011-09-26 14:05:18,FALSE,FALSE,0,FALSE,2011-09-26 14:05:18,0
2011-09-27 02:42:37,TRUE,FALSE,0,FALSE,2011-09-27 02:42:37,0
2011-09-27 14:06:45,FALSE,FALSE,0,FALSE,2011-09-27 13:45:38,0
2011-09-28 03:20:08,TRUE,FALSE,0,FALSE,2011-09-28 03:20:08,0
2011-09-28 14:03:57,FALSE,FALSE,0,FALSE,2011-09-28 14:03:57,0
2011-09-29 03:26:00,TRUE,FALSE,0,FALSE,2011-09-29 03:26:00,0
2011-09-29 14:20:42,FALSE,FALSE,0,FALSE,2011-09-29 14:20:42,0
2011-09-30 04:42:48,TRUE,TRUE,0,FALSE,2011-09-30 04:42:48,0
2011-09-30 15:02:16,FALSE,FALSE,0,FALSE,2011-09-30 15:02:16,0
2011-10-01 03:06:23,TRUE,FALSE,0,FALSE,2011-10-01 03:06:23,0
2011-10-01 14:52:02,FALSE,FALSE,0,FALSE,2011-10-01 14:52:02,0
2011-10-02 03:06:57,TRUE,FALSE,0,FALSE,2011-10-02 03:06:57,0
2011-10-02 15:00:24,FALSE,FALSE,0,FALSE,2011-10-02 15:00:24,0
2011-10-03 03:03:55,TRUE,FALSE,0,FALSE,2011-10-03 03:03:55,0
2011-10-03 14:52:41,FALSE,FALSE,0,FALSE,2011-10-03 14:52:41,0
2011-10-04 03:35:09,TRUE,FALSE,0,FALSE,2011-10-04 03:35:09,0
2011-10-04 14:55:18,FALSE,FALSE,0,FALSE,2011-10-04 14:55:18,0
2011-10-05 03:27:03,TRUE,FALSE,0,FALSE,2011-10-05 03:27:03,0
2011-10-05 15:02:29,FALSE,FALSE,0,FALSE,2011-10-05 15:02:29,0
2011-10-06 03:28:56,TRUE,FALSE,0,FALSE,2011-10-06 03:28:56,0
2011-10-06 15:10:59,FALSE,FALSE,0,FALSE,2011-10-06 15:10:59,0
2011-10-07 03:13:11,TRUE,FALSE,0,FALSE,2011-10-07 03:13:11,0
2011-10-07 15:05:18,FALSE,FALSE,0,FALSE,2011-10-07 15:05:18,0
2011-10-08 03:13:55,TRUE,FALSE,0,FALSE,2011-10-08 03:13:55,0
2011-10-08 15:07:59,FALSE,FALSE,0,FALSE,2011-10-08 15:07:59,0
2011-10-09 03:12:09,TRUE,FALSE,0,FALSE,2011-10-09 03:12:09,0
2011-10-09 15:08:21,FALSE,FALSE,0,FALSE,2011-10-09 15:08:21,0
2011-10-10 03:19:51,TRUE,FALSE,0,FALSE,2011-10-10 03:19:51,0
2011-10-10 15:08:21,FALSE,FALSE,0,FALSE,2011-10-10 15:08:21,0
2011-10-11 03:28:35,TRUE,FALSE,0,FALSE,2011-10-11 03:28:35,0
2011-10-11 15:07:00,FALSE,FALSE,0,FALSE,2011-10-11 15:07:00,0
2011-10-12 03:21:12,TRUE,FALSE,0,FALSE,2011-10-12 03:21:12,0
2011-10-12 15:06:17,FALSE,FALSE,0,FALSE,2011-10-12 15:06:17,0
2011-10-13 03:35:13,TRUE,FALSE,0,FALSE,2011-10-13 03:55:41,0
2011-10-13 14:49:32,FALSE,FALSE,0,FALSE,2011-10-13 14:49:32,0
2011-10-14 03:27:25,TRUE,FALSE,0,FALSE,2011-10-14 03:27:25,0
2011-10-14 14:53:04,FALSE,FALSE,0,FALSE,2011-10-14 14:53:04,0
2011-10-15 03:38:34,TRUE,FALSE,0,FALSE,2011-10-15 03:38:34,0
2011-10-15 14:54:06,FALSE,FALSE,0,FALSE,2011-10-15 14:54:06,0
2011-10-16 03:43:41,TRUE,FALSE,0,FALSE,2011-10-16 03:43:41,0
2011-10-16 14:50:59,FALSE,FALSE,0,FALSE,2011-10-16 14:50:59,0
2011-10-17 03:31:00,TRUE,FALSE,0,FALSE,2011-10-17 03:31:00,0
2011-10-17 14:47:48,FALSE,FALSE,0,FALSE,2011-10-17 14:47:48,0
2011-10-18 03:33:41,TRUE,FALSE,0,FALSE,2011-10-18 03:33:41,0
2011-10-18 14:46:55,FALSE,FALSE,0,FALSE,2011-10-18 14:46:55,0
2011-10-19 03:33:11,TRUE,FALSE,0,FALSE,2011-10-19 03:33:11,0
2011-10-19 14:53:47,FALSE,FALSE,0,FALSE,2011-10-19 14:53:47,0
2011-10-20 03:45:12,TRUE,FALSE,0,FALSE,2011-10-20 03:45:12,0
2011-10-20 15:10:42,FALSE,FALSE,0,FALSE,2011-10-20 15:10:42,0
2011-10-21 04:12:48,TRUE,FALSE,0,FALSE,2011-10-21 04:12:48,0
2011-10-21 15:23:50,FALSE,FALSE,0,FALSE,2011-10-21 15:23:50,0
2011-10-22 04:18:55,TRUE,FALSE,0,FALSE,2011-10-22 04:18:55,0
2011-10-22 15:44:00,FALSE,FALSE,0,FALSE,2011-10-22 15:44:00,0
2011-10-23 04:10:59,TRUE,FALSE,0,FALSE,2011-10-23 04:10:59,0
2011-10-23 16:13:37,FALSE,FALSE,0,FALSE,2011-10-23 16:13:37,0
2011-10-24 04:02:37,TRUE,FALSE,0,FALSE,2011-10-24 04:02:37,0
2011-10-24 16:09:32,FALSE,FALSE,0,FALSE,2011-10-24 16:09:32,0
2011-10-25 04:08:17,TRUE,FALSE,0,FALSE,2011-10-25 04:08:17,0
2011-10-25 16:10:15,FALSE,FALSE,0,FALSE,2011-10-25 16:10:15,0
2011-10-26 04:05:41,TRUE,FALSE,0,FALSE,2011-10-26 04:05:41,0
2011-10-26 16:11:48,FALSE,FALSE,0,FALSE,2011-10-26 16:11:48,0
2011-10-27 04:16:37,TRUE,FALSE,0,FALSE,2011-10-27 04:16:37,0
2011-10-27 16:12:22,FALSE,FALSE,0,FALSE,2011-10-27 16:12:22,0
2011-10-28 04:02:37,TRUE,FALSE,0,FALSE,2011-10-28 04:02:37,0
2011-10-28 16:15:18,FALSE,FALSE,0,FALSE,2011-10-28 16:15:18,0
2011-10-29 04:07:51,TRUE,FALSE,0,FALSE,2011-10-29 04:07:51,0
2011-10-29 16:13:06,FALSE,FALSE,0,FALSE,2011-10-29 16:13:06,0
2011-10-30 04:06:52,TRUE,FALSE,0,FALSE,2011-10-30 04:06:52,0
2011-10-30 16:12:53,FALSE,FALSE,0,FALSE,2011-10-30 16:12:53,0
2011-10-31 04:15:12,TRUE,FALSE,0,FALSE,2011-10-31 04:15:12,0
2011-10-31 16:06:55,FALSE,FALSE,0,FALSE,2011-10-31 16:06:55,0
2011-11-01 04:11:28,TRUE,FALSE,0,FALSE,2011-11-01 04:11:28,0
2011-11-01 16:12:13,FALSE,FALSE,0,FALSE,2011-11-01 16:12:13,0
2011-11-02 04:02:37,TRUE,FALSE,0,FALSE,2011-11-02 04:02:37,0
2011-11-02 16:14:05,FALSE,FALSE,0,FALSE,2011-11-02 16:14:05,0
2011-11-03 04:11:12,TRUE,FALSE,0,FALSE,2011-11-03 04:11:12,0
2011-11-03 16:12:41,FALSE,FALSE,0,FALSE,2011-11-03 16:12:41,0
2011-11-04 04:08:35,TRUE,FALSE,0,FALSE,2011-11-04 04:08:35,0
2011-11-04 16:10:31,FALSE,FALSE,0,FALSE,2011-11-04 16:10:31,0
2011-11-05 04:11:47,TRUE,FALSE,0,FALSE,2011-11-05 04:11:47,0
2011-11-05 16:11:34,FALSE,FALSE,0,FALSE,2011-11-05 16:11:34,0
2011-11-06 04:06:06,TRUE,FALSE,0,FALSE,2011-11-06 04:06:06,0
2011-11-06 16:17:00,FALSE,FALSE,0,FALSE,2011-11-06 16:17:00,0
2011-11-07 04:12:37,TRUE,FALSE,0,FALSE,2011-11-07 04:12:37,0
2011-11-07 16:11:34,FALSE,FALSE,0,FALSE,2011-11-07 16:11:34,0
2011-11-08 04:10:59,TRUE,FALSE,0,FALSE,2011-11-08 04:10:59,0
2011-11-08 16:11:29,FALSE,FALSE,0,FALSE,2011-11-08 16:11:29,0
2011-11-09 04:14:58,TRUE,FALSE,0,FALSE,2011-11-09 04:14:58,0
2011-11-09 16:06:55,FALSE,FALSE,0,FALSE,2011-11-09 16:06:55,0
2011-11-10 04:08:34,TRUE,FALSE,0,FALSE,2011-11-10 04:08:34,0
2011-11-10 16:09:36,FALSE,FALSE,0,FALSE,2011-11-10 16:09:36,0
2011-11-11 04:12:37,TRUE,FALSE,0,FALSE,2011-11-11 04:12:37,0
2011-11-11 16:09:32,FALSE,FALSE,0,FALSE,2011-11-11 16:09:32,0
2011-11-12 04:12:42,TRUE,FALSE,0,FALSE,2011-11-12 04:12:42,0
2011-11-12 16:10:47,FALSE,FALSE,0,FALSE,2011-11-12 16:10:47,0
2011-11-13 04:14:54,TRUE,FALSE,0,FALSE,2011-11-13 04:14:54,0
2011-11-13 16:00:59,FALSE,FALSE,0,FALSE,2011-11-13 16:00:59,0
2011-11-14 04:10:03,TRUE,FALSE,0,FALSE,2011-11-14 04:10:03,0
2011-11-14 16:12:11,FALSE,FALSE,0,FALSE,2011-11-14 16:12:11,0
2011-11-15 04:09:45,TRUE,FALSE,0,FALSE,2011-11-15 04:09:45,0
2011-11-15 16:11:18,FALSE,FALSE,0,FALSE,2011-11-15 16:11:18,0
2011-11-16 04:11:26,TRUE,FALSE,0,FALSE,2011-11-16 04:11:26,0
2011-11-16 16:02:41,FALSE,FALSE,0,FALSE,2011-11-16 16:02:41,0
2011-11-17 04:16:37,TRUE,FALSE,0,FALSE,2011-11-17 04:16:37,0
2011-11-17 16:10:47,FALSE,FALSE,0,FALSE,2011-11-17 16:10:47,0
2011-11-18 04:10:26,TRUE,FALSE,0,FALSE,2011-11-18 04:10:26,0
2011-11-18 16:12:46,FALSE,FALSE,0,FALSE,2011-11-18 16:12:46,0
2011-11-19 04:12:37,TRUE,FALSE,0,FALSE,2011-11-19 04:12:37,0
2011-11-19 16:05:18,FALSE,FALSE,0,FALSE,2011-11-19 16:05:18,0
2011-11-20 04:27:08,TRUE,FALSE,0,FALSE,2011-11-20 04:27:08,0
2011-11-20 16:27:33,FALSE,FALSE,0,FALSE,2011-11-20 16:27:33,0
2011-11-21 04:26:48,TRUE,FALSE,0,FALSE,2011-11-21 04:26:48,0
2011-11-21 16:20:41,FALSE,FALSE,0,FALSE,2011-11-21 16:20:41,0
2011-11-22 04:26:13,TRUE,FALSE,0,FALSE,2011-11-22 04:26:13,0
2011-11-22 16:21:51,FALSE,FALSE,0,FALSE,2011-11-22 16:21:51,0
2011-11-23 04:36:57,TRUE,FALSE,0,FALSE,2011-11-23 04:36:57,0
2011-11-23 16:25:18,FALSE,FALSE,0,FALSE,2011-11-23 16:25:18,0
2011-11-24 04:36:52,TRUE,FALSE,0,FALSE,2011-11-24 04:36:52,0
2011-11-24 16:27:33,FALSE,FALSE,0,FALSE,2011-11-24 16:27:33,0
2011-11-25 04:41:47,TRUE,FALSE,0,FALSE,2011-11-25 04:41:47,0
2011-11-25 16:27:33,FALSE,FALSE,0,FALSE,2011-11-25 16:27:33,0
2011-11-26 04:33:55,TRUE,FALSE,0,FALSE,2011-11-26 04:33:55,0
2011-11-26 16:25:18,FALSE,FALSE,0,FALSE,2011-11-26 16:25:18,0
2011-11-27 04:32:09,TRUE,FALSE,0,FALSE,2011-11-27 04:32:09,0
2011-11-27 16:24:08,FALSE,FALSE,0,FALSE,2011-11-27 16:24:08,0
2011-11-28 04:32:37,TRUE,FALSE,0,FALSE,2011-11-28 04:32:37,0
2011-11-28 16:22:36,FALSE,FALSE,0,FALSE,2011-11-28 16:22:36,0
2011-11-29 04:36:18,TRUE,FALSE,0,FALSE,2011-11-29 04:36:18,0
2011-11-29 16:26:17,FALSE,FALSE,0,FALSE,2011-11-29 16:26:17,0
2011-11-30 04:36:59,TRUE,FALSE,0,FALSE,2011-11-30 04:36:59,0
2011-11-30 16:27:59,FALSE,FALSE,0,FALSE,2011-11-30 16:27:59,0
2011-12-01 04:37:13,TRUE,FALSE,0,FALSE,2011-12-01 04:37:13,0
2011-12-01 16:28:53,FALSE,FALSE,0,FALSE,2011-12-01 16:28:53,0
2011-12-02 04:34:55,TRUE,FALSE,0,FALSE,2011-12-02 04:34:55,0
2011-12-02 16:23:55,FALSE,FALSE,0,FALSE,2011-12-02 16:23:55,0
2011-12-03 04:36:18,TRUE,FALSE,0,FALSE,2011-12-03 04:36:18,0
2011-12-03 16:25:48,FALSE,FALSE,0,FALSE,2011-12-03 16:25:48,0
2011-12-04 04:43:55,TRUE,FALSE,0,FALSE,2011-12-04 04:43:55,0
2011-12-04 16:19:36,FALSE,FALSE,0,FALSE,2011-12-04 16:19:36,0
2011-12-05 04:45:00,TRUE,FALSE,0,FALSE,2011-12-05 04:45:00,0
2011-12-05 16:26:55,FALSE,FALSE,0,FALSE,2011-12-05 16:26:55,0
2011-12-06 04:38:03,TRUE,FALSE,0,FALSE,2011-12-06 04:38:03,0
2011-12-06 16:28:53,FALSE,FALSE,0,FALSE,2011-12-06 16:28:53,0
2011-12-07 04:44:58,TRUE,FALSE,0,FALSE,2011-12-07 04:44:58,0
2011-12-07 16:31:18,FALSE,FALSE,0,FALSE,2011-12-07 16:31:18,0
2011-12-08 04:40:08,TRUE,FALSE,0,FALSE,2011-12-08 04:40:08,0
2011-12-08 16:29:32,FALSE,FALSE,0,FALSE,2011-12-08 16:29:32,0
2011-12-09 04:43:55,TRUE,FALSE,0,FALSE,2011-12-09 04:43:55,0
2011-12-09 16:30:25,FALSE,FALSE,0,FALSE,2011-12-09 16:30:25,0
2011-12-10 04:41:12,TRUE,FALSE,0,FALSE,2011-12-10 04:41:12,0
2011-12-10 16:27:48,FALSE,FALSE,0,FALSE,2011-12-10 16:27:48,0
2011-12-11 04:41:28,TRUE,FALSE,0,FALSE,2011-12-11 04:41:28,0
2011-12-11 16:30:33,FALSE,FALSE,0,FALSE,2011-12-11 16:30:33,0
2011-12-12 04:42:09,TRUE,FALSE,0,FALSE,2011-12-12 04:42:09,0
2011-12-12 16:24:06,FALSE,FALSE,0,FALSE,2011-12-12 16:24:06,0
2011-12-13 04:46:06,TRUE,FALSE,0,FALSE,2011-12-13 04:46:06,0
2011-12-13 16:30:42,FALSE,FALSE,0,FALSE,2011-12-13 16:30:42,0
2011-12-14 04:42:09,TRUE,FALSE,0,FALSE,2011-12-14 04:42:09,0
2011-12-14 16:29:51,FALSE,FALSE,0,FALSE,2011-12-14 16:29:51,0
2011-12-15 04:45:06,TRUE,FALSE,0,FALSE,2011-12-15 04:45:06,0
2011-12-15 16:30:54,FALSE,FALSE,0,FALSE,2011-12-15 16:30:54,0
2011-12-16 04:45:09,TRUE,FALSE,0,FALSE,2011-12-16 04:45:09,0
2011-12-16 16:28:51,FALSE,FALSE,0,FALSE,2011-12-16 16:28:51,0
2011-12-17 04:46:06,TRUE,FALSE,0,FALSE,2011-12-17 04:46:06,0
2011-12-17 16:30:56,FALSE,FALSE,0,FALSE,2011-12-17 16:30:56,0
2011-12-18 04:45:04,TRUE,FALSE,0,FALSE,2011-12-18 04:45:04,0
2011-12-18 16:30:56,FALSE,FALSE,0,FALSE,2011-12-18 16:30:56,0
2011-12-19 04:43:55,TRUE,FALSE,0,FALSE,2011-12-19 04:43:55,0
2011-12-19 16:35:18,FALSE,FALSE,0,FALSE,2011-12-19 16:35:18,0
2011-12-20 04:46:59,TRUE,FALSE,0,FALSE,2011-12-20 04:46:59,0
2011-12-20 16:25:38,FALSE,FALSE,0,FALSE,2011-12-20 16:25:38,0
2011-12-21 04:42:37,TRUE,FALSE,0,FALSE,2011-12-21 04:42:37,0
2011-12-21 16:27:33,FALSE,FALSE,0,FALSE,2011-12-21 16:27:33,0
2011-12-22 04:43:11,TRUE,FALSE,0,FALSE,2011-12-22 04:43:11,0
2011-12-22 16:28:21,FALSE,FALSE,0,FALSE,2011-12-22 16:28:21,0
2011-12-23 04:50:59,TRUE,FALSE,0,FALSE,2011-12-23 04:50:59,0
2011-12-23 16:35:18,FALSE,FALSE,0,FALSE,2011-12-23 16:35:18,0
2011-12-24 04:48:57,TRUE,FALSE,0,FALSE,2011-12-24 04:48:57,0
2011-12-24 16:38:21,FALSE,FALSE,0,FALSE,2011-12-24 16:38:21,0
2011-12-25 04:47:19,TRUE,FALSE,0,FALSE,2011-12-25 04:47:19,0
2011-12-25 16:34:00,FALSE,FALSE,0,FALSE,2011-12-25 16:34:00,0
2011-12-26 04:46:29,TRUE,FALSE,0,FALSE,2011-12-26 04:46:29,0
2011-12-26 16:32:13,FALSE,FALSE,0,FALSE,2011-12-26 16:32:13,0
2011-12-27 04:50:59,TRUE,FALSE,0,FALSE,2011-12-27 04:50:59,0
2011-12-27 16:38:51,FALSE,FALSE,0,FALSE,2011-12-27 16:38:51,0
2011-12-28 04:47:51,TRUE,FALSE,0,FALSE,2011-12-28 04:47:51,0
2011-12-28 16:35:18,FALSE,FALSE,0,FALSE,2011-12-28 16:35:18,0
2011-12-29 04:48:17,TRUE,FALSE,0,FALSE,2011-12-29 04:48:17,0
2011-12-29 16:35:18,FALSE,FALSE,0,FALSE,2011-12-29 16:35:18,0
2011-12-30 04:51:28,TRUE,FALSE,0,FALSE,2011-12-30 04:51:28,0
2011-12-30 16:29:36,FALSE,FALSE,0,FALSE,2011-12-30 16:29:36,0
2011-12-31 04:50:08,TRUE,FALSE,0,FALSE,2011-12-31 04:50:08,0
2011-12-31 16:36:55,FALSE,FALSE,0,FALSE,2011-12-31 16:36:55,0
2012-01-01 04:43:55,TRUE,FALSE,0,FALSE,2012-01-01 04:43:55,0
2012-01-01 16:37:59,FALSE,FALSE,0,FALSE,2012-01-01 16:37:59,0
2012-01-02 04:47:19,TRUE,FALSE,0,FALSE,2012-01-02 04:47:19,0
2012-01-02 16:40:15,FALSE,FALSE,0,FALSE,2012-01-02 16:40:15,0
2012-01-03 04:49:56,TRUE,FALSE,0,FALSE,2012-01-03 04:49:56,0
2012-01-03 16:40:47,FALSE,FALSE,0,FALSE,2012-01-03 16:40:47,0
2012-01-04 04:50:26,TRUE,FALSE,0,FALSE,2012-01-04 04:50:26,0
2012-01-04 16:40:56,FALSE,FALSE,0,FALSE,2012-01-04 16:40:56,0
2012-01-05 04:52:37,TRUE,FALSE,0,FALSE,2012-01-05 04:52:37,0
2012-01-05 16:38:54,FALSE,FALSE,0,FALSE,2012-01-05 16:38:54,0
2012-01-06 04:54:56,TRUE,FALSE,0,FALSE,2012-01-06 04:54:56,0
2012-01-06 16:38:54,FALSE,FALSE,0,FALSE,2012-01-06 16:38:54,0
2012-01-07 04:54:58,TRUE,FALSE,0,FALSE,2012-01-07 04:54:58,0
2012-01-07 16:36:17,FALSE,FALSE,0,FALSE,2012-01-07 16:36:17,0
2012-01-08 04:54:55,TRUE,FALSE,0,FALSE,2012-01-08 04:54:55,0
2012-01-08 16:42:23,FALSE,FALSE,0,FALSE,2012-01-08 16:42:23,0
2012-01-09 04:54:50,TRUE,FALSE,0,FALSE,2012-01-09 04:54:50,0
2012-01-09 16:49:18,FALSE,FALSE,0,FALSE,2012-01-09 16:49:18,0
2012-01-10 04:52:09,TRUE,FALSE,0,FALSE,2012-01-10 04:52:09,0
2012-01-10 16:46:17,FALSE,FALSE,0,FALSE,2012-01-10 16:46:17,0
2012-01-11 04:56:18,TRUE,FALSE,0,FALSE,2012-01-11 04:56:18,0
2012-01-11 16:42:22,FALSE,FALSE,0,FALSE,2012-01-11 16:42:22,0
2012-01-12 04:52:09,TRUE,FALSE,0,FALSE,2012-01-12 04:52:09,0
2012-01-12 16:47:59,FALSE,FALSE,0,FALSE,2012-01-12 16:47:59,0
2012-01-13 04:51:47,TRUE,FALSE,0,FALSE,2012-01-13 04:51:47,0
2012-01-13 16:45:18,FALSE,FALSE,0,FALSE,2012-01-13 16:45:18,0
2012-01-14 04:51:47,TRUE,FALSE,0,FALSE,2012-01-14 04:51:47,0
2012-01-14 16:49:17,FALSE,FALSE,0,FALSE,2012-01-14 16:49:17,0
2012-01-15 04:50:59,TRUE,FALSE,0,FALSE,2012-01-15 04:50:59,0
2012-01-15 16:48:38,FALSE,FALSE,0,FALSE,2012-01-15 16:48:38,0
2012-01-16 04:51:12,TRUE,FALSE,0,FALSE,2012-01-16 04:51:12,0
2012-01-16 16:47:00,FALSE,FALSE,0,FALSE,2012-01-16 16:47:00,0
2012-01-17 04:51:12,TRUE,FALSE,0,FALSE,2012-01-17 04:51:12,0
2012-01-17 16:48:53,FALSE,FALSE,0,FALSE,2012-01-17 16:48:53,0
2012-01-18 04:53:55,TRUE,FALSE,0,FALSE,2012-01-18 04:53:55,0
2012-01-18 16:47:00,FALSE,FALSE,0,FALSE,2012-01-18 16:47:00,0
2012-01-19 04:55:53,TRUE,FALSE,0,FALSE,2012-01-19 04:55:53,0
2012-01-19 16:51:29,FALSE,FALSE,0,FALSE,2012-01-19 16:51:29,0
2012-01-20 04:55:49,TRUE,FALSE,0,FALSE,2012-01-20 04:55:49,0
2012-01-20 16:45:18,FALSE,FALSE,0,FALSE,2012-01-20 16:45:18,0
2012-01-21 04:56:06,TRUE,FALSE,0,FALSE,2012-01-21 04:56:06,0
2012-01-21 16:50:15,FALSE,FALSE,0,FALSE,2012-01-21 16:50:15,0
2012-01-22 04:57:19,TRUE,FALSE,0,FALSE,2012-01-22 04:57:19,0
2012-01-22 16:50:24,FALSE,FALSE,0,FALSE,2012-01-22 16:50:24,0
2012-01-23 04:50:59,TRUE,FALSE,0,FALSE,2012-01-23 04:50:59,0
2012-01-23 16:51:18,FALSE,FALSE,0,FALSE,2012-01-23 16:51:18,0
2012-01-24 04:53:55,TRUE,FALSE,0,FALSE,2012-01-24 04:53:55,0
2012-01-24 16:52:59,FALSE,FALSE,0,FALSE,2012-01-24 16:52:59,0
2012-01-25 04:50:36,TRUE,FALSE,0,FALSE,2012-01-25 04:50:36,0
2012-01-25 16:56:17,FALSE,FALSE,0,FALSE,2012-01-25 16:56:17,0
2012-01-26 04:57:32,TRUE,FALSE,0,FALSE,2012-01-26 04:57:32,0
2012-01-26 16:47:48,FALSE,FALSE,0,FALSE,2012-01-26 16:47:48,0
2012-01-27 04:52:37,TRUE,FALSE,0,FALSE,2012-01-27 04:52:37,0
2012-01-27 16:52:07,FALSE,FALSE,0,FALSE,2012-01-27 16:52:07,0
2012-01-28 04:51:47,TRUE,FALSE,0,FALSE,2012-01-28 04:51:47,0
2012-01-28 16:55:18,FALSE,FALSE,0,FALSE,2012-01-28 16:55:18,0
2012-01-29 04:53:55,TRUE,FALSE,0,FALSE,2012-01-29 04:53:55,0
2012-01-29 16:52:41,FALSE,FALSE,0,FALSE,2012-01-29 16:52:41,0
2012-01-30 04:52:37,TRUE,FALSE,0,FALSE,2012-01-30 04:52:37,0
2012-01-30 16:51:34,FALSE,FALSE,0,FALSE,2012-01-30 16:51:34,0
2012-01-31 04:52:37,TRUE,FALSE,0,FALSE,2012-01-31 04:52:37,0
2012-01-31 16:55:18,FALSE,FALSE,0,FALSE,2012-01-31 16:55:18,0
2012-02-01 04:50:36,TRUE,FALSE,0,FALSE,2012-02-01 04:50:36,0
2012-02-01 16:50:04,FALSE,FALSE,0,FALSE,2012-02-01 16:50:04,0
2012-02-02 04:53:11,TRUE,FALSE,0,FALSE,2012-02-02 04:53:11,0
2012-02-02 16:51:51,FALSE,FALSE,0,FALSE,2012-02-02 16:51:51,0
2012-02-03 04:53:11,TRUE,FALSE,0,FALSE,2012-02-03 04:53:11,0
2012-02-03 16:57:00,FALSE,FALSE,0,FALSE,2012-02-03 16:57:00,0
2012-02-04 04:53:55,TRUE,FALSE,0,FALSE,2012-02-04 04:53:55,0
2012-02-04 16:58:25,FALSE,FALSE,0,FALSE,2012-02-04 16:58:25,0
2012-02-05 04:53:55,TRUE,FALSE,0,FALSE,2012-02-05 04:53:55,0
2012-02-05 16:54:03,FALSE,FALSE,0,FALSE,2012-02-05 16:54:03,0
2012-02-06 04:53:55,TRUE,FALSE,0,FALSE,2012-02-06 04:53:55,0
2012-02-06 16:57:48,FALSE,FALSE,0,FALSE,2012-02-06 16:57:48,0
2012-02-07 04:54:59,TRUE,FALSE,0,FALSE,2012-02-07 04:54:59,0
2012-02-07 16:56:17,FALSE,FALSE,0,FALSE,2012-02-07 16:56:17,0
2012-02-08 05:01:47,TRUE,FALSE,0,FALSE,2012-02-08 05:01:47,0
2012-02-08 16:52:50,FALSE,FALSE,0,FALSE,2012-02-08 16:52:50,0
2012-02-09 04:56:18,TRUE,FALSE,0,FALSE,2012-02-09 04:56:18,0
2012-02-09 16:51:34,FALSE,FALSE,0,FALSE,2012-02-09 16:51:34,0
2012-02-10 04:51:28,TRUE,FALSE,0,FALSE,2012-02-10 04:51:28,0
2012-02-10 16:57:48,FALSE,FALSE,0,FALSE,2012-02-10 16:57:48,0
2012-02-11 04:53:55,TRUE,FALSE,0,FALSE,2012-02-11 04:53:55,0
2012-02-11 16:43:06,FALSE,FALSE,0,FALSE,2012-02-11 16:43:06,0
2012-02-12 04:52:37,TRUE,FALSE,0,FALSE,2012-02-12 04:52:37,0
2012-02-12 16:56:55,FALSE,FALSE,0,FALSE,2012-02-12 16:56:55,0
2012-02-13 04:53:41,TRUE,FALSE,0,FALSE,2012-02-13 04:53:41,0
2012-02-13 16:51:29,FALSE,FALSE,0,FALSE,2012-02-13 16:51:29,0
2012-02-14 04:52:09,TRUE,FALSE,0,FALSE,2012-02-14 04:52:09,0
2012-02-14 16:51:03,FALSE,FALSE,0,FALSE,2012-02-14 16:51:03,0
2012-02-15 04:49:23,TRUE,FALSE,0,FALSE,2012-02-15 04:49:23,0
2012-02-15 16:53:57,FALSE,FALSE,0,FALSE,2012-02-15 16:53:57,0
2012-02-16 04:55:55,TRUE,FALSE,0,FALSE,2012-02-16 04:55:55,0
2012-02-16 16:44:09,FALSE,FALSE,0,FALSE,2012-02-16 16:44:09,0
2012-02-17 04:51:47,TRUE,FALSE,0,FALSE,2012-02-17 04:51:47,0
2012-02-17 16:51:27,FALSE,FALSE,0,FALSE,2012-02-17 16:51:27,0
2012-02-18 04:50:59,TRUE,FALSE,0,FALSE,2012-02-18 04:50:59,0
2012-02-18 16:53:43,FALSE,FALSE,0,FALSE,2012-02-18 16:53:43,0
2012-02-19 05:00:36,TRUE,FALSE,0,FALSE,2012-02-19 05:00:36,0
2012-02-19 16:55:38,FALSE,FALSE,0,FALSE,2012-02-19 16:55:38,0
2012-02-20 04:51:47,TRUE,FALSE,0,FALSE,2012-02-20 04:51:47,0
2012-02-20 16:55:18,FALSE,FALSE,0,FALSE,2012-02-20 16:55:18,0
2012-02-21 04:53:55,TRUE,FALSE,0,FALSE,2012-02-21 04:53:55,0
2012-02-21 16:59:36,FALSE,FALSE,0,FALSE,2012-02-21 16:59:36,0
2012-02-22 04:50:36,TRUE,FALSE,0,FALSE,2012-02-22 04:50:36,0
2012-02-22 16:55:38,FALSE,FALSE,0,FALSE,2012-02-22 16:55:38,0
2012-02-23 04:51:47,TRUE,FALSE,0,FALSE,2012-02-23 04:51:47,0
2012-02-23 16:53:18,FALSE,FALSE,0,FALSE,2012-02-23 16:53:18,0
2012-02-24 04:48:03,TRUE,FALSE,0,FALSE,2012-02-24 04:48:03,0
2012-02-24 16:45:38,FALSE,FALSE,0,FALSE,2012-02-24 16:45:38,0
2012-02-25 04:52:37,TRUE,FALSE,0,FALSE,2012-02-25 04:52:37,0
2012-02-25 16:43:59,FALSE,FALSE,0,FALSE,2012-02-25 16:43:59,0
2012-02-26 04:51:26,TRUE,FALSE,0,FALSE,2012-02-26 04:51:26,0
2012-02-26 16:57:48,FALSE,FALSE,0,FALSE,2012-02-26 16:57:48,0
2012-02-27 04:43:55,TRUE,FALSE,0,FALSE,2012-02-27 04:43:55,0
2012-02-27 16:59:51,FALSE,FALSE,0,FALSE,2012-02-27 16:59:51,0
2012-02-28 04:54:49,TRUE,FALSE,0,FALSE,2012-02-28 04:54:49,0
2012-02-28 16:52:46,FALSE,FALSE,0,FALSE,2012-02-28 16:52:46,0
2012-02-29 04:46:46,TRUE,FALSE,0,FALSE,2012-02-29 04:46:46,0
2012-02-29 16:55:38,FALSE,FALSE,0,FALSE,2012-02-29 16:55:38,0
2012-03-01 04:53:11,TRUE,FALSE,0,FALSE,2012-03-01 04:53:11,0
2012-03-01 17:00:15,FALSE,FALSE,0,FALSE,2012-03-01 17:00:15,0
2012-03-02 04:57:13,TRUE,FALSE,0,FALSE,2012-03-02 04:57:13,0
2012-03-02 16:56:55,FALSE,FALSE,0,FALSE,2012-03-02 16:56:55,0
2012-03-03 04:47:11,TRUE,FALSE,0,FALSE,2012-03-03 04:47:11,0
2012-03-03 16:42:02,FALSE,FALSE,0,FALSE,2012-03-03 16:42:02,0
2012-03-04 04:56:13,TRUE,FALSE,0,FALSE,2012-03-04 04:56:13,0
2012-03-04 17:00:25,FALSE,FALSE,0,FALSE,2012-03-04 17:00:25,0
2012-03-05 04:43:55,TRUE,FALSE,0,FALSE,2012-03-05 04:43:55,0
2012-03-05 16:59:17,FALSE,FALSE,0,FALSE,2012-03-05 16:59:17,0
2012-03-06 04:47:30,TRUE,FALSE,0,FALSE,2012-03-06 04:47:30,0
2012-03-06 16:49:17,FALSE,FALSE,0,FALSE,2012-03-06 16:49:17,0
2012-03-07 04:52:42,TRUE,FALSE,0,FALSE,2012-03-07 04:52:42,0
2012-03-07 16:50:42,FALSE,FALSE,0,FALSE,2012-03-07 16:50:42,0
2012-03-08 05:05:06,TRUE,FALSE,0,FALSE,2012-03-08 05:05:06,0
2012-03-08 16:53:57,FALSE,FALSE,0,FALSE,2012-03-08 16:53:57,0
2012-03-09 04:41:59,TRUE,FALSE,0,FALSE,2012-03-09 04:41:59,0
2012-03-09 16:51:03,FALSE,FALSE,0,FALSE,2012-03-09 16:51:03,0
2012-03-10 04:39:01,TRUE,FALSE,0,FALSE,2012-03-10 04:39:01,0
2012-03-10 16:51:29,FALSE,FALSE,0,FALSE,2012-03-10 16:51:29,0
2012-03-11 04:48:57,TRUE,FALSE,0,FALSE,2012-03-11 04:48:57,0
2012-03-11 16:53:57,FALSE,FALSE,0,FALSE,2012-03-11 16:53:57,0
2012-03-12 04:46:29,TRUE,FALSE,0,FALSE,2012-03-12 04:46:29,0
2012-03-12 17:00:33,FALSE,FALSE,0,FALSE,2012-03-12 17:00:33,0
2012-03-13 04:51:00,TRUE,FALSE,0,FALSE,2012-03-13 04:51:00,0
2012-03-13 16:54:00,FALSE,FALSE,0,FALSE,2012-03-13 16:54:00,0
2012-03-14 04:49:41,TRUE,FALSE,0,FALSE,2012-03-14 04:49:41,0
2012-03-14 16:57:48,FALSE,FALSE,0,FALSE,2012-03-14 16:57:48,0
2012-03-15 04:42:42,TRUE,FALSE,0,FALSE,2012-03-15 04:42:42,0
2012-03-15 16:59:32,FALSE,FALSE,0,FALSE,2012-03-15 16:59:32,0
2012-03-16 04:45:22,TRUE,FALSE,0,FALSE,2012-03-16 04:45:22,0
2012-03-16 17:02:57,FALSE,FALSE,0,FALSE,2012-03-16 17:02:57,0
2012-03-17 04:42:42,TRUE,FALSE,0,FALSE,2012-03-17 04:42:42,0
2012-03-17 17:00:02,FALSE,FALSE,0,FALSE,2012-03-17 17:00:02,0
2012-03-18 04:43:41,TRUE,FALSE,0,FALSE,2012-03-18 04:43:41,0
2012-03-18 17:00:24,FALSE,FALSE,0,FALSE,2012-03-18 17:00:24,0
2012-03-19 04:38:34,TRUE,FALSE,0,FALSE,2012-03-19 04:38:34,0
2012-03-19 16:54:05,FALSE,FALSE,0,FALSE,2012-03-19 16:54:05,0
2012-03-20 04:35:22,TRUE,FALSE,0,FALSE,2012-03-20 04:35:22,0
2012-03-20 16:59:17,FALSE,FALSE,0,FALSE,2012-03-20 16:59:17,0
2012-03-21 04:38:34,TRUE,FALSE,0,FALSE,2012-03-21 04:38:34,0
2012-03-21 17:01:18,FALSE,FALSE,0,FALSE,2012-03-21 17:01:18,0
2012-03-22 04:40:38,TRUE,FALSE,0,FALSE,2012-03-22 04:40:38,0
2012-03-22 17:01:29,FALSE,FALSE,0,FALSE,2012-03-22 17:01:29,0
2012-03-23 04:41:59,TRUE,FALSE,0,FALSE,2012-03-23 04:41:59,0
2012-03-23 16:53:55,FALSE,FALSE,0,FALSE,2012-03-23 16:53:55,0
2012-03-24 04:44:58,TRUE,FALSE,0,FALSE,2012-03-24 04:44:58,0
2012-03-24 16:55:38,FALSE,FALSE,0,FALSE,2012-03-24 16:55:38,0
2012-03-25 04:35:12,TRUE,FALSE,0,FALSE,2012-03-25 04:35:12,0
2012-03-25 16:59:32,FALSE,FALSE,0,FALSE,2012-03-25 16:59:32,0
2012-03-26 04:41:12,TRUE,FALSE,0,FALSE,2012-03-26 04:41:12,0
2012-03-26 16:59:32,FALSE,FALSE,0,FALSE,2012-03-26 16:59:32,0
2012-03-27 04:18:12,TRUE,FALSE,0,FALSE,2012-03-27 04:18:12,0
2012-03-27 16:45:38,FALSE,FALSE,0,FALSE,2012-03-27 16:45:38,0
2012-03-28 04:18:57,TRUE,FALSE,0,FALSE,2012-03-28 04:18:57,0
2012-03-28 16:45:38,FALSE,FALSE,0,FALSE,2012-03-28 16:45:38,0
2012-03-29 04:17:51,TRUE,FALSE,0,FALSE,2012-03-29 04:17:51,0
2012-03-29 16:42:36,FALSE,FALSE,0,FALSE,2012-03-29 16:42:36,0
2012-03-30 04:22:37,TRUE,FALSE,0,FALSE,2012-03-30 04:22:37,0
2012-03-30 16:43:37,FALSE,FALSE,0,FALSE,2012-03-30 16:43:37,0
2012-03-31 04:17:11,TRUE,FALSE,0,FALSE,2012-03-31 04:17:11,0
2012-03-31 16:53:13,FALSE,FALSE,0,FALSE,2012-03-31 16:53:13,0
2012-04-01 04:19:31,TRUE,FALSE,0,FALSE,2012-04-01 04:19:31,0
2012-04-01 16:52:22,FALSE,FALSE,0,FALSE,2012-04-01 16:52:22,0
2012-04-02 04:13:41,TRUE,FALSE,0,FALSE,2012-04-02 04:13:41,0
2012-04-02 16:52:13,FALSE,FALSE,0,FALSE,2012-04-02 16:52:13,0
2012-04-03 04:21:47,TRUE,FALSE,0,FALSE,2012-04-03 04:21:47,0
2012-04-03 16:50:56,FALSE,FALSE,0,FALSE,2012-04-03 16:50:56,0
2012-04-04 04:14:58,TRUE,FALSE,0,FALSE,2012-04-04 04:14:58,0
2012-04-04 16:37:51,FALSE,FALSE,0,FALSE,2012-04-04 16:37:51,0
2012-04-05 04:14:57,TRUE,FALSE,0,FALSE,2012-04-05 04:14:57,0
2012-04-05 16:55:38,FALSE,FALSE,0,FALSE,2012-04-05 16:55:38,0
2012-04-06 04:14:54,TRUE,FALSE,0,FALSE,2012-04-06 04:14:54,0
2012-04-06 16:50:02,FALSE,FALSE,0,FALSE,2012-04-06 16:50:02,0
2012-04-07 04:13:41,TRUE,FALSE,0,FALSE,2012-04-07 04:13:41,0
2012-04-07 16:52:59,FALSE,FALSE,0,FALSE,2012-04-07 16:52:59,0
2012-04-08 04:11:26,TRUE,FALSE,0,FALSE,2012-04-08 04:11:26,0
2012-04-08 16:49:32,FALSE,FALSE,0,FALSE,2012-04-08 16:49:32,0
2012-04-09 04:09:41,TRUE,FALSE,0,FALSE,2012-04-09 04:09:41,0
2012-04-09 16:52:13,FALSE,FALSE,0,FALSE,2012-04-09 16:52:13,0
2012-04-10 04:00:18,TRUE,FALSE,0,FALSE,2012-04-10 04:00:18,0
2012-04-10 16:43:08,FALSE,FALSE,0,FALSE,2012-04-10 16:43:08,0
2012-04-11 03:27:51,TRUE,FALSE,0,FALSE,2012-04-11 03:27:51,0
2012-04-11 16:19:18,FALSE,FALSE,0,FALSE,2012-04-11 16:19:18,0
2012-04-12 16:06:55,FALSE,FALSE,0,FALSE,2012-04-12 16:06:55,0
2012-04-13 03:00:47,TRUE,FALSE,0,FALSE,2012-04-13 03:00:47,0
2012-04-13 16:07:59,FALSE,FALSE,0,FALSE,2012-04-13 16:07:59,0
2012-04-14 02:59:53,TRUE,FALSE,0,FALSE,2012-04-14 02:59:53,0
2012-04-14 16:08:54,FALSE,FALSE,0,FALSE,2012-04-14 16:08:54,0
2012-04-15 02:52:50,TRUE,FALSE,0,FALSE,2012-04-15 02:52:50,0
2012-04-15 15:56:55,FALSE,FALSE,0,FALSE,2012-04-15 15:56:55,0
2012-04-16 02:53:11,TRUE,FALSE,0,FALSE,2012-04-16 02:53:11,0
2012-04-16 16:15:18,FALSE,FALSE,0,FALSE,2012-04-16 16:15:18,0
2012-04-17 02:52:50,TRUE,FALSE,0,FALSE,2012-04-17 02:52:50,0
2012-04-17 16:13:08,FALSE,FALSE,0,FALSE,2012-04-17 16:13:08,0
2012-04-18 02:50:10,TRUE,FALSE,0,FALSE,2012-04-18 02:50:10,0
2012-04-18 16:15:18,FALSE,FALSE,0,FALSE,2012-04-18 16:15:18,0
2012-04-19 02:31:59,TRUE,FALSE,0,FALSE,2012-04-19 02:31:59,0
2012-04-19 19:33:37,FALSE,TRUE,0,FALSE,2012-04-19 19:33:37,0
2012-04-20 02:17:11,TRUE,FALSE,0,FALSE,2012-04-20 02:17:11,0
2012-04-20 15:50:15,FALSE,FALSE,0,FALSE,2012-04-20 15:50:15,0
2012-04-21 01:58:55,TRUE,FALSE,0,FALSE,2012-04-21 01:58:55,0
2012-04-21 15:39:17,FALSE,FALSE,0,FALSE,2012-04-21 15:39:17,0
2012-04-22 01:53:11,TRUE,FALSE,0,FALSE,2012-04-22 01:53:11,0
2012-04-22 15:44:02,FALSE,FALSE,0,FALSE,2012-04-22 15:44:02,0
2012-04-23 01:42:04,TRUE,FALSE,0,FALSE,2012-04-23 01:42:04,0
2012-04-23 20:09:41,FALSE,TRUE,0,FALSE,2012-04-23 20:09:41,0
2012-04-24 01:32:37,TRUE,FALSE,0,FALSE,2012-04-24 01:32:37,0
2012-04-24 15:10:15,FALSE,FALSE,0,FALSE,2012-04-24 15:10:15,0
2012-04-25 00:53:11,TRUE,FALSE,0,FALSE,2012-04-25 00:53:11,0
2012-04-25 15:00:41,FALSE,FALSE,0,FALSE,2012-04-25 15:00:41,0
2012-04-26 00:43:11,TRUE,FALSE,0,FALSE,2012-04-26 00:43:11,0
2012-04-26 14:48:53,FALSE,FALSE,0,FALSE,2012-04-26 14:48:53,0
2012-04-27 00:02:42,TRUE,FALSE,0,FALSE,2012-04-27 00:02:42,0
2012-04-27 14:32:30,FALSE,FALSE,0,FALSE,2012-04-27 14:32:30,0
2012-04-27 23:35:41,TRUE,FALSE,0,FALSE,2012-04-27 23:35:41,0
2012-04-28 14:07:59,FALSE,FALSE,0,FALSE,2012-04-28 14:07:59,0
2012-04-29 13:43:55,FALSE,FALSE,0,FALSE,2012-04-29 13:43:55,0
2012-04-29 23:11:59,TRUE,FALSE,0,FALSE,2012-04-29 23:11:59,0
2012-04-30 13:45:18,FALSE,FALSE,0,FALSE,2012-04-30 13:45:18,0
2012-04-30 22:54:50,TRUE,FALSE,0,FALSE,2012-04-30 22:54:50,0
2012-05-01 13:45:18,FALSE,FALSE,0,FALSE,2012-05-01 13:45:18,0
2012-05-01 22:51:26,TRUE,FALSE,0,FALSE,2012-05-01 22:51:26,0
2012-05-02 13:27:33,FALSE,FALSE,0,FALSE,2012-05-02 13:27:33,0
2012-05-02 21:58:17,TRUE,FALSE,0,FALSE,2012-05-02 21:58:17,0
2012-05-03 13:06:22,FALSE,FALSE,0,FALSE,2012-05-03 13:06:22,0
2012-05-03 21:54:51,TRUE,FALSE,0,FALSE,2012-05-03 21:54:51,0
2012-05-04 13:02:30,FALSE,FALSE,0,FALSE,2012-05-04 13:02:30,0
2012-05-04 21:52:09,TRUE,FALSE,0,FALSE,2012-05-04 21:52:09,0
2012-05-05 13:11:24,FALSE,FALSE,0,FALSE,2012-05-05 13:11:24,0
2012-05-05 21:48:34,TRUE,FALSE,0,FALSE,2012-05-05 21:48:34,0
2012-05-06 13:09:06,FALSE,FALSE,0,FALSE,2012-05-06 13:09:06,0
2012-05-06 21:48:50,TRUE,FALSE,0,FALSE,2012-05-06 21:48:50,0
2012-05-07 13:12:41,FALSE,FALSE,0,FALSE,2012-05-07 13:12:41,0
2012-05-07 22:00:36,TRUE,FALSE,0,FALSE,2012-05-07 22:00:36,0
2012-05-08 13:12:30,FALSE,FALSE,0,FALSE,2012-05-08 13:12:30,0
2012-05-08 22:00:59,TRUE,FALSE,0,FALSE,2012-05-08 22:00:59,0
2012-05-09 13:14:11,FALSE,FALSE,0,FALSE,2012-05-09 13:14:11,0
2012-05-09 22:00:03,TRUE,FALSE,0,FALSE,2012-05-09 22:00:03,0
2012-05-11 13:15:04,FALSE,FALSE,0,FALSE,2012-05-11 13:15:04,0
2012-05-11 22:22:48,TRUE,FALSE,0,FALSE,2012-05-11 22:22:48,0
2012-05-12 13:07:49,FALSE,FALSE,0,FALSE,2012-05-12 13:07:49,0
2012-05-12 22:11:42,TRUE,FALSE,0,FALSE,2012-05-12 22:11:42,0
2012-05-13 13:19:32,FALSE,FALSE,0,FALSE,2012-05-13 13:19:32,0
2012-05-13 22:15:30,TRUE,FALSE,0,FALSE,2012-05-13 22:15:30,0
2012-05-14 13:22:46,FALSE,FALSE,0,FALSE,2012-05-14 13:22:46,0
2012-05-14 21:33:11,TRUE,FALSE,0,FALSE,2012-05-14 21:33:11,0
